Ticker,Company,Price,RS_Rank,Pct_From_52W_High,MA50,MA150,MA200,52W_High,52W_Low
SNDK,Sandisk Corporation - Common Stock When-Issued,2090.71,100.0,-10.5,1521.57,834.18,664.52,2335.0,40.69
MXL,"MaxLinear, Inc - Common Stock",96.6,99.8,-5.5,79.04,38.26,32.65,102.27,13.05
AGL,"agilon health, inc. Common Stock",119.25,99.8,0.0,73.18,35.41,32.41,119.25,7.91
BBGI,"Beasley Broadcast Group, Inc. - Class A Common Stock",26.5,99.8,0.0,19.09,9.72,8.64,26.5,3.14
MU,"Micron Technology, Inc. - Common Stock",1132.33,99.7,-6.7,802.14,501.8,425.71,1213.56,104.73
RXT,"Rackspace Technology, Inc. - Common Stock",5.98,99.6,-20.6,4.36,2.22,2.02,7.53,0.41
QTTB,Q32 Bio Inc. - Common Stock,13.17,99.6,-5.9,8.69,5.78,4.95,14.0,1.36
SLS,"SELLAS Life Sciences Group, Inc.  - Common Stock",12.39,99.6,0.0,7.02,4.88,4.1,12.39,1.39
CLYM,"Climb Bio, Inc. - Common Stock",13.08,99.5,0.0,10.74,7.01,5.76,13.08,1.18
EVC,Entravision Communications Corporation Common Stock,12.03,99.5,0.0,7.59,4.52,3.95,12.03,1.91
WDC,Western Digital Corporation - Common Stock,586.45,99.5,-21.4,510.82,330.86,280.23,746.23,63.12
ANRO,"Alto Neuroscience, Inc. Common Stock",27.04,99.4,-2.5,22.93,19.79,16.87,27.72,2.2
VATE,INNOVATE Corp. Common Stock,19.31,99.4,-3.7,14.42,8.37,7.52,20.06,3.98
ORKA,"Oruka Therapeutics, Inc. - Common Stock",90.6,99.3,0.0,66.87,46.23,40.45,90.6,11.08
CHRN,ChronoScale Corporation - Common Stock,22.23,99.3,-13.9,16.37,11.08,9.52,25.82,2.98
VICR,Vicor Corporation - Common Stock,326.93,99.3,-10.6,288.65,193.98,162.4,365.53,43.85
ALMS,Alumis Inc. - Common Stock,26.4,99.2,-11.9,23.17,21.29,17.11,29.98,3.0
ICHR,Ichor Holdings - Ordinary Shares,94.0,99.2,-5.6,74.16,47.54,40.37,99.61,14.06
ABSI,Absci Corporation - Common Stock,10.89,99.1,0.0,5.92,4.0,3.88,10.89,2.3
DD,"DuPont de Nemours, Inc. Common Stock",137.22,99.1,-5.1,58.54,48.47,44.62,144.57,27.15
MOVE,"Corvex, Inc. - Common Stock",24.46,99.1,0.0,18.79,12.04,10.35,24.46,3.51
INTC,Intel Corporation - Common Stock,128.32,99.1,-9.0,108.39,65.96,58.23,140.94,19.31
UCTT,"Ultra Clean Holdings, Inc. - Common Stock",118.82,99.0,-3.5,89.65,60.32,52.07,123.14,21.63
STX,Seagate Technology Holdings PLC - Ordinary Shares (Ireland),899.9,99.0,-17.7,809.87,510.22,441.5,1093.26,139.54
NVCT,"Nuvectis Pharma, Inc. - Common Stock",27.19,99.0,-2.4,11.32,9.15,8.4,27.87,5.65
VPG,"Vishay Precision Group, Inc. Common Stock",127.82,99.0,-12.5,99.59,61.88,54.82,146.03,25.8
WYY,WidePoint Corporation Common Stock,16.72,98.9,-17.2,9.92,7.09,6.8,20.2,2.82
VSH,"Vishay Intertechnology, Inc. Common Stock",56.35,98.9,-13.2,44.28,26.27,23.54,64.9,11.65
VNCE,Vince Holding Corp. - Common Stock,7.76,98.9,-1.4,4.91,3.56,3.4,7.87,1.27
HUT,Hut 8 Corp. - Common Stock,123.02,98.8,-7.5,103.51,68.79,62.11,133.02,17.66
PRAX,"Praxis Precision Medicines, Inc. - Common Stock",327.79,98.8,-8.2,314.75,298.43,252.07,357.13,37.71
TNGX,"Tango Therapeutics, Inc. - Common Stock",31.47,98.8,-4.3,25.09,17.26,14.91,32.9,4.92
BAND,Bandwidth Inc. - Class A Common Stock,56.9,98.8,-22.3,49.6,26.53,23.9,73.19,12.82
SYRE,"Spyre Therapeutics, Inc. - Common Stock",87.89,98.7,-12.4,75.95,50.38,42.77,100.32,14.82
FCEL,"FuelCell Energy, Inc. - Common Stock",24.0,98.7,-9.0,17.47,10.91,10.25,26.38,3.92
SIMO,"Silicon Motion Technology Corporation - American Depositary Shares, each representing four ordinary shares",305.28,98.7,-9.4,249.17,157.48,141.18,336.9,69.89
EQ,"Equillium, Inc. - Common Stock",3.05,98.6,-3.8,2.46,1.84,1.72,3.17,0.31
AIP,"Arteris, Inc.  - Common Stock",43.29,98.6,-2.7,33.96,22.07,19.63,44.5,8.59
ANTX,"AN2 Therapeutics, Inc. - Common Stock",5.2,98.6,-4.8,4.5,2.77,2.38,5.46,1.03
ATEX,Anterix Inc. - Common Stock,89.67,98.5,0.0,60.99,39.88,35.12,89.67,17.99
SIF,"SIFCO Industries, Inc. Common Stock",21.89,98.5,-3.4,18.76,12.59,11.2,22.65,3.35
SLGL,Sol-Gel Technologies Ltd. - Ordinary Shares,73.5,98.5,-25.0,72.83,66.63,58.4,97.97,7.01
LQDA,Liquidia Corporation - Common Stock,78.17,98.5,0.0,55.67,42.63,38.09,78.17,12.0
UMC,United Microelectronics Corporation (NEW) Common Stock,25.58,98.4,-8.7,18.24,12.18,10.97,28.01,6.58
ALOT,"AstroNova, Inc. - Common Stock",28.47,98.4,-0.4,16.58,11.48,11.02,28.57,7.01
RLAY,"Relay Therapeutics, Inc. - Common Stock",18.56,98.4,0.0,14.45,10.91,9.66,18.56,3.22
ALAB,"Astera Labs, Inc. - Common Stock",391.74,98.3,-10.9,282.8,191.72,191.42,439.66,88.57
PENG,"Penguin Solutions, Inc. - Common Stock",62.28,98.3,-12.8,49.04,29.48,28.04,71.41,16.24
RLYB,Rallybio Corporation - Common Stock,16.0,98.3,-5.2,13.66,8.96,7.91,16.87,2.58
MRVL,"Marvell Technology, Inc. - Common Stock",266.77,98.3,-15.7,213.21,130.02,118.45,316.43,62.19
RVMD,"Revolution Medicines, Inc. - Common Stock",182.08,98.2,0.0,151.23,113.89,98.5,182.08,34.7
BFLY,"Butterfly Network, Inc. Class A Common Stock",8.89,98.2,-0.1,5.23,4.22,3.7,8.9,1.33
BIOA,"BioAge Labs, Inc. - Common Stock",23.76,98.1,0.0,17.97,17.18,14.45,23.76,4.12
TTMI,"TTM Technologies, Inc. - Common Stock",191.49,98.1,-13.5,170.83,116.35,101.99,221.47,39.86
BB,BlackBerry Limited Common Stock,11.4,98.1,0.0,7.42,4.95,4.85,11.4,3.15
BRUN,Boost Run Inc. - Class A Common Stock,34.23,98.1,-12.7,25.89,16.32,15.31,39.2,10.21
WULF,TeraWulf Inc. - Common Stock,25.83,98.0,-10.9,23.96,17.78,16.52,28.98,4.22
TSEM,Tower Semiconductor Ltd. - Ordinary Shares,249.91,98.0,-21.1,246.46,172.3,148.63,316.85,42.42
AMD,"Advanced Micro Devices, Inc. - Common Stock",521.58,98.0,-5.4,439.12,290.18,270.47,551.63,134.8
ACMR,"ACM Research, Inc. - Class A Common Stock",104.5,97.9,-4.9,73.65,56.21,51.42,109.87,23.92
NBIS,Nebius Group N.V. - Class A Ordinary Shares,240.3,97.9,-16.2,208.21,136.36,129.85,286.69,44.3
DELL,Dell Technologies Inc. Class C Common Stock ,399.49,97.8,-14.3,305.87,192.85,180.29,465.96,110.73
MEI,"Methode Electronics, Inc. Common Stock",19.16,97.8,0.0,10.75,8.31,8.04,19.16,5.01
RFIL,"RF Industries, Ltd. - Common Stock",21.43,97.7,-0.3,16.87,11.69,10.71,21.5,5.62
CIFR,Cipher Digital Inc. - Common Stock,25.94,97.7,-11.1,22.07,18.1,17.68,29.18,4.19
BDSX,"Biodesix, Inc. - Common Stock",23.34,97.6,0.0,14.68,12.3,11.08,23.34,5.0
ALTO,"Alto Ingredients, Inc. - Common Stock",5.19,97.6,-13.4,5.16,3.83,3.18,5.99,0.92
VSXY,Victorias Secret & Co. Common Stock ,88.5,97.6,0.0,61.1,55.67,49.45,88.5,17.7
ELA,Envela Corporation Common Stock,27.79,97.6,0.0,23.02,16.8,14.72,27.79,5.42
TWST,Twist Bioscience Corporation - Common Stock,99.84,97.5,0.0,66.38,49.86,44.83,99.84,24.16
PRLD,Prelude Therapeutics Incorporated - Common Stock,4.38,97.5,-20.7,4.35,3.16,2.73,5.52,0.78
PVLA,"Palvella Therapeutics, Inc. - Common Stock",148.21,97.4,-0.1,119.32,109.48,99.57,148.34,20.62
IPSC,"Century Therapeutics, Inc. - Common Stock",2.32,97.4,-21.1,2.28,1.9,1.56,2.94,0.47
COHU,"Cohu, Inc. - Common Stock",64.08,97.4,-8.5,52.1,36.25,32.68,70.07,17.86
IMMX,"Immix Biopharma, Inc. - Common Stock",9.98,97.4,-10.3,9.24,7.71,6.49,11.12,1.96
TER,"Teradyne, Inc. - Common Stock",436.86,97.3,-7.4,379.76,299.44,261.35,471.96,89.69
ANAB,"AnaptysBio, Inc. - Common Stock",63.15,97.3,-9.5,58.6,42.79,37.19,69.78,12.93
KLIC,"Kulicke and Soffa Industries, Inc. - Common Stock",125.22,97.3,-4.8,101.5,73.16,64.73,131.49,31.65
COHR,Coherent Corp. Common Stock,380.56,97.2,-10.9,366.55,267.82,231.44,426.89,86.55
IBRX,"ImmunityBio, Inc. - Common Stock",8.71,97.2,-24.6,7.58,6.21,5.27,11.55,1.98
OSS,"One Stop Systems, Inc. - Common Stock",16.24,97.1,-18.6,14.94,10.58,9.33,19.95,3.55
STTK,"Shattuck Labs, Inc. - Common Stock",6.44,97.1,-18.3,6.09,4.96,4.24,7.88,0.73
GLW,Corning Incorporated Common Stock,221.05,97.1,-3.1,183.06,137.31,123.76,228.01,51.04
MKSI,MKS Inc. - Common Stock,388.61,97.1,-7.6,319.65,245.84,217.97,420.56,89.14
NWPX,"NWPX Infrastructure, Inc. - Common Stock",148.01,97.0,0.0,113.21,84.33,76.83,148.01,40.54
LRCX,Lam Research Corporation - Common Stock,379.09,97.0,-7.4,310.16,241.85,216.84,409.54,94.32
AGX,"Argan, Inc. Common Stock",765.46,97.0,-3.1,675.01,495.11,442.66,790.0,201.37
AMAT,"Applied Materials, Inc. - Common Stock",626.84,97.0,-6.2,467.95,367.03,328.74,668.0,155.56
DWSN,Dawson Geophysical Company - Common Stock,5.33,96.9,0.0,3.89,2.95,2.69,5.33,1.29
MGNX,"MacroGenics, Inc. - Common Stock",4.81,96.9,0.0,3.83,2.65,2.4,4.81,1.19
IRWD,"Ironwood Pharmaceuticals, Inc. - Class A Common Stock",4.13,96.8,-23.4,3.86,3.86,3.33,5.39,0.69
NCEW,New Century Logistics (BVI) Limited - Ordinary Shares,17.99,96.8,-13.1,17.51,10.88,9.27,20.7,3.01
FLEX,Flex Ltd. - Ordinary Shares,146.7,96.7,-9.4,129.26,86.03,79.59,161.94,48.49
STRL,"Sterling Infrastructure, Inc. - Common Stock",804.76,96.7,-19.0,751.25,500.14,464.07,993.74,222.54
MBX,"MBX Biosciences, Inc. - Common Stock",52.31,96.7,0.0,34.71,33.46,29.47,52.31,9.74
NDLS,Noodles & Company - Class A Common Stock,15.69,96.6,0.0,12.32,8.2,7.51,15.69,3.9
DNTH,"Dianthus Therapeutics, Inc. - Common Stock",95.35,96.6,-0.4,86.6,66.6,59.01,95.76,17.63
GLUE,"Monte Rosa Therapeutics, Inc. - Common Stock",22.29,96.6,-11.9,18.98,18.41,16.24,25.31,4.19
TVTX,"Travere Therapeutics, Inc. - Common Stock",58.85,96.5,-0.3,46.05,36.62,34.52,59.03,14.6
STHH,STMicroelectronics NV ADRhedged,144.32,96.5,-9.7,126.93,81.98,74.6,159.79,42.63
VECO,Veeco Instruments Inc. - Common Stock,70.95,96.5,-14.6,60.2,41.31,38.27,83.04,19.94
KORE,"KORE Group Holdings, Inc. Common Stock",9.79,96.5,0.0,9.18,7.12,6.13,9.79,2.11
GTX,Garrett Motion Inc. - Common Stock,35.11,96.4,0.0,29.25,21.79,19.96,35.11,10.13
NESR,National Energy Services Reunited Corp - Ordinary Shares,28.24,96.4,0.0,24.96,21.13,18.71,28.24,5.9
SPHR,Sphere Entertainment Co. Class A Common Stock,169.85,96.4,0.0,140.38,114.64,102.23,169.85,38.7
TXG,"10x Genomics, Inc. - Common Stock",36.75,96.4,0.0,26.36,21.77,19.62,36.75,11.34
ARMH,Arm Holdings PLC ADRhedged,143.41,96.3,-23.3,119.74,75.5,73.13,187.07,43.48
SILC,Silicom Ltd - Ordinary Shares,41.1,96.3,-19.4,40.86,25.43,23.31,50.98,13.5
STM,STMicroelectronics N.V. Common Stock,71.42,96.3,-10.5,63.94,41.3,37.59,79.82,21.04
XMAX,"XMAX, Inc. - Common Stock",8.79,96.2,0.0,8.15,6.84,6.48,8.79,1.36
AMKR,"Amkor Technology, Inc. - Common Stock",78.72,96.2,-15.9,74.26,55.41,49.22,93.55,20.81
SMTC,Semtech Corporation - Common Stock,149.75,96.2,-14.3,138.43,99.55,91.38,174.73,42.6
TH,Target Hospitality Corp. - Common Stock,20.27,96.1,-1.2,17.08,11.42,10.48,20.52,6.22
VSTS,Vestis Corporation Common Stock,14.42,96.1,0.0,11.57,8.68,7.72,14.42,4.06
APGE,"Apogee Therapeutics, Inc. - Common Stock",132.55,96.0,-0.2,89.28,79.28,71.75,132.88,34.65
DRTS,Alpha Tau Medical Ltd. - Ordinary Shares,10.88,96.0,-2.7,9.32,7.33,6.5,11.18,2.9
PDFS,"PDF Solutions, Inc. - Common Stock",63.01,95.8,-8.2,51.25,38.36,35.2,68.67,18.97
BOLD,"Boundless Bio, Inc. - Common Stock",2.56,95.8,-1.5,1.56,1.3,1.29,2.6,1.01
AXGN,"Axogen, Inc. - Common Stock",44.93,95.7,-0.0,41.51,35.14,31.11,44.95,10.47
ARWR,"Arrowhead Pharmaceuticals, Inc. - Common Stock",78.89,95.7,-3.8,75.48,67.1,59.42,82.0,14.71
MEC,"Mayville Engineering Company, Inc. Common Stock",37.0,95.7,0.0,27.74,21.77,20.06,37.0,12.56
ONTO,Onto Innovation Inc. Common Stock,323.92,95.6,-6.9,288.61,224.73,201.15,347.87,90.0
MTSI,"MACOM Technology Solutions Holdings, Inc. - Common Stock",369.18,95.6,-9.9,346.67,256.66,227.6,409.68,118.35
MRVI,"Maravai LifeSciences Holdings, Inc. - Class A common stock",6.22,95.6,0.0,4.48,3.76,3.59,6.22,2.03
ATRO,Astronics Corporation - Common Stock,84.32,95.5,-3.2,66.84,57.81,52.64,87.15,23.95
MYRG,"MYR Group, Inc. - Common Stock",477.95,95.5,-1.9,428.2,311.39,285.16,487.33,173.81
XMTR,"Xometry, Inc. - Class A Common Stock",94.37,95.5,-1.0,76.26,61.39,59.42,95.32,30.97
CRDO,Credo Technology Group Holding Ltd - Ordinary Shares,238.0,95.4,-21.3,210.52,157.71,156.87,302.52,87.59
WEST,Westrock Coffee Company - Common Stock,9.39,95.4,-3.5,7.62,5.48,5.29,9.73,3.71
BTSG,"BrightSpring Health Services, Inc. - Common Stock",68.98,95.4,-1.0,57.12,45.37,41.61,69.7,19.36
KLAC,KLA Corporation  - Common Stock,248.64,95.3,-7.6,201.3,160.79,148.21,269.16,84.03
CPIX,Cumberland Pharmaceuticals Inc. - Common Stock,6.75,95.3,0.0,5.05,4.03,3.78,6.75,1.9
GHRS,GH Research PLC - Ordinary Shares,28.22,95.3,0.0,21.67,17.15,16.23,28.22,11.8
ELVN,"Enliven Therapeutics, Inc.  - Common Stock",50.08,95.2,0.0,42.11,31.81,28.94,50.08,15.14
SEZL,Sezzle Inc. - Common Stock,170.56,95.2,-6.4,110.63,81.69,80.1,182.16,50.97
SVCO,"Silvaco Group, Inc. - Common Stock",11.96,95.2,-10.4,10.86,6.77,6.45,13.35,3.23
GH,"Guardant Health, Inc. - Common Stock",149.22,95.1,0.0,111.18,103.7,95.82,149.22,40.98
BELFB,Bel Fuse Inc. - Class B Common Stock,310.64,95.1,0.0,277.35,224.0,205.01,310.64,93.7
RFL,"Rafael Holdings, Inc. Class B Common Stock",2.76,95.1,-1.1,1.61,1.38,1.37,2.79,1.16
ACRS,"Aclaris Therapeutics, Inc. - Common Stock",5.0,95.0,-1.8,4.53,3.72,3.31,5.09,1.41
RCUS,"Arcus Biosciences, Inc. Common Stock",31.0,95.0,0.0,24.88,23.16,21.39,31.0,7.95
LIND,Lindblad Expeditions Holdings Inc.  - Common Stock,29.57,94.9,0.0,21.35,18.12,16.7,29.57,11.3
MOV,Movado Group Inc. Common Stock,39.58,94.9,0.0,31.73,25.56,23.65,39.58,14.22
PACS,"PACS Group, Inc. Common Stock",41.89,94.8,-0.6,36.22,35.66,29.85,42.13,7.71
BWEN,"Broadwind, Inc. - Common Stock",4.34,94.8,-13.9,3.5,3.0,2.81,5.04,1.8
BHE,"Benchmark Electronics, Inc. Common Stock",92.05,94.8,-5.3,82.97,62.18,56.81,97.19,35.72
PGEN,"Precigen, Inc. - Common Stock",5.86,94.8,0.0,4.31,4.13,4.05,5.86,1.42
CTOS,"Custom Truck One Source, Inc. Common Stock",11.94,94.7,-0.3,9.81,7.57,7.2,11.97,4.9
SEPN,"Septerna, Inc. - Common Stock",37.34,94.7,0.0,28.91,27.2,25.31,37.34,10.51
AVR,Anteris Technologies Global Corp. - Common Stock,9.69,94.7,-6.8,7.91,6.25,5.85,10.4,2.9
LXRX,"Lexicon Pharmaceuticals, Inc. - Common Stock",2.55,94.6,0.0,1.98,1.61,1.55,2.55,0.82
SNEX,StoneX Group Inc. - Common Stock,135.42,94.6,-2.6,116.5,87.86,81.78,139.01,54.63
CEVA,"CEVA, Inc. - Common Stock",42.32,94.5,-15.5,37.97,26.68,26.67,50.06,17.21
KALU,Kaiser Aluminum Corporation - Common Stock,187.17,94.5,-1.8,175.64,139.07,124.82,190.63,71.09
ALNT,Allient Inc. - Common Stock,97.63,94.4,-4.5,78.38,66.57,62.21,102.26,35.83
FTRE,Fortrea Holdings Inc. - Common Stock,17.65,94.4,-4.1,14.15,13.44,12.61,18.4,4.45
INTG,The Intergroup Corporation - Common Stock,46.26,94.4,-0.3,37.89,33.65,32.17,46.4,10.03
EWTX,"Edgewise Therapeutics, Inc. - Common Stock",41.46,94.4,-2.0,34.48,30.03,26.62,42.3,12.61
BELFA,Bel Fuse Inc. - Class A Common Stock,265.85,94.4,-1.8,248.41,202.26,182.86,270.76,84.44
CGEM,"Cullinan Therapeutics, Inc. - Common Stock",18.4,94.3,-0.4,14.75,13.19,11.69,18.48,5.75
TRVI,"Trevi Therapeutics, Inc. - Common Stock",18.15,94.2,0.0,14.68,12.76,12.08,18.15,5.47
AVNS,"Avanos Medical, Inc. Common Stock",24.95,94.2,-0.4,24.8,17.05,15.68,25.05,9.89
ACLS,"Axcelis Technologies, Inc. - Common Stock",173.23,94.2,-9.6,155.65,111.08,104.97,191.6,67.69
CCCC,"C4 Therapeutics, Inc. - Common Stock",4.26,94.2,-3.2,3.51,2.77,2.7,4.4,1.4
BCAX,Bicara Therapeutics Inc. - Common Stock,26.87,94.1,0.0,22.14,19.28,18.21,26.87,8.71
GHM,Graham Corporation Common Stock,121.66,94.1,-1.0,100.54,83.1,76.64,122.83,46.97
URGN,UroGen Pharma Ltd. - Ordinary Shares,34.54,94.1,-2.5,28.17,23.55,22.48,35.42,12.96
SANM,Sanmina Corporation - Common Stock,236.55,94.1,-16.3,233.58,177.01,166.27,282.72,95.79
MRNA,"Moderna, Inc. - Common Stock",67.27,94.0,0.0,51.16,44.88,40.14,67.27,22.36
ETON,"Eton Pharmaceuticals, Inc. - Common Stock",35.7,94.0,0.0,29.7,21.91,21.12,35.7,13.89
CRS,Carpenter Technology Corporation Common Stock,591.78,93.9,-1.2,475.51,395.96,365.08,599.24,231.97
PODC,"PodcastOne, Inc. - Common Stock",4.08,93.9,-18.1,3.82,2.88,2.64,4.98,1.3
ULCC,"Frontier Group Holdings, Inc. - Common Stock",7.85,93.8,-2.6,5.34,4.83,4.72,8.06,3.1
INNV,InnovAge Holding Corp. - Common Stock,10.79,93.8,0.0,8.06,7.3,6.74,10.79,3.13
ATLC,Atlanticus Holdings Corporation - Common Stock,110.41,93.8,0.0,84.22,67.01,65.09,110.41,47.96
GLBS,Globus Maritime Limited - Common Stock,2.87,93.8,-9.2,2.24,1.91,1.72,3.16,1.0
ALKS,Alkermes plc - Ordinary Shares,55.08,93.7,0.0,39.51,33.6,32.71,55.08,26.13
CADL,"Candel Therapeutics, Inc. - Common Stock",9.79,93.7,0.0,7.96,6.23,6.0,9.79,4.42
HPE,Hewlett Packard Enterprise Company Common Stock,43.71,93.7,-21.9,37.97,27.65,26.67,55.99,18.0
CECO,CECO Environmental Corp. - Common Stock,91.87,93.7,-7.8,81.8,68.6,64.07,99.67,28.31
CYRX,"CryoPort, Inc. - Common Stock",16.0,93.6,-3.0,13.39,10.59,10.3,16.5,6.71
IMVT,"Immunovant, Inc.  - Common Stock",38.85,93.6,0.0,31.18,27.37,25.27,38.85,14.69
ALGM,"Allegro MicroSystems, Inc. - Common Stock",57.89,93.5,-6.0,48.18,37.61,35.43,61.58,22.8
RXO,"RXO, Inc. Common Stock",27.12,93.5,-6.9,23.13,17.32,16.99,29.12,10.48
CAT,"Caterpillar, Inc. Common Stock",997.47,93.5,-5.6,895.31,741.83,683.47,1057.01,377.79
LSCC,Lattice Semiconductor Corporation - Common Stock,138.76,93.4,-10.6,133.42,102.01,93.87,155.27,48.73
KRYS,"Krystal Biotech, Inc. - Common Stock",372.25,93.3,0.0,302.83,271.63,249.32,372.25,134.94
ATI,ATI Inc. Common Stock,197.4,93.3,-3.3,171.2,144.52,130.14,204.09,71.34
PLPC,Preformed Line Products Company - Common Stock,395.66,93.3,-2.3,357.21,284.26,265.42,405.0,140.2
DSGN,"Design Therapeutics, Inc. - Common Stock",13.35,93.3,-15.5,12.45,10.87,9.78,15.79,3.37
KGS,"Kodiak Gas Services, Inc. Common Stock",76.27,93.2,0.0,69.09,53.38,48.51,76.27,29.75
CVLG,"Covenant Logistics Group, Inc. Class A Common Stock",45.01,93.2,-2.8,37.74,29.5,27.35,46.32,17.94
JBIO,"Jade Biosciences, Inc. - Common Stock",22.0,93.2,-18.1,21.49,16.96,15.0,26.85,6.77
PKOH,Park-Ohio Holdings Corp. - Common Stock,39.06,93.1,0.0,31.48,26.17,24.7,39.06,15.32
VCYT,"Veracyte, Inc. - Common Stock",60.49,93.1,0.0,43.12,40.11,39.05,60.49,23.03
ALXO,ALX Oncology Holdings Inc. - Common Stock,2.04,93.0,-21.5,1.77,1.75,1.7,2.6,0.41
NSYS,Nortech Systems Incorporated - Common Stock,16.42,93.0,-7.0,14.76,10.93,10.51,17.66,6.8
IESC,"IES Holdings, Inc. - Common Stock",714.9,93.0,-6.7,668.75,524.09,489.92,766.54,286.46
VISN,"Vistance Networks, Inc.  - Common Stock",12.58,93.0,-2.3,11.66,9.88,9.37,12.88,3.56
SEI,"Solaris Energy Infrastructure, Inc. Class A Common Stock",76.8,92.9,-7.3,73.35,59.47,55.83,82.88,24.67
GRC,Gorman-Rupp Company (The) Common Stock,89.25,92.9,-1.8,77.08,63.25,58.68,90.85,36.14
ARCB,ArcBest Corporation - Common Stock,146.29,92.8,-15.5,134.35,104.13,95.69,173.22,59.5
TWIN,"Twin Disc, Incorporated - Common Stock",24.19,92.8,0.0,18.4,17.14,16.52,24.19,8.4
ESOA,Energy Services of America Corporation - Common Stock,18.94,92.8,-0.7,16.67,12.89,12.25,19.08,7.88
CALY,Callaway Golf Company Common Stock,19.25,92.7,0.0,15.85,14.18,13.03,19.25,7.99
OGN,Organon & Co. Common Stock ,13.5,92.7,0.0,12.83,9.2,9.15,13.5,5.69
CORZ,"Core Scientific, Inc. - Common Stock",27.2,92.6,-6.7,24.66,19.39,19.07,29.16,12.51
HLIO,"Helios Technologies, Inc. Common Stock",90.47,92.6,-2.6,77.8,68.21,64.51,92.88,32.39
ROG,Rogers Corporation Common Stock,160.53,92.6,-3.9,141.34,113.55,105.9,167.09,64.78
IMUX,"Immunic, Inc.  - Common Stock",15.3,92.6,0.0,12.31,9.76,9.39,15.3,5.1
ENVA,"Enova International, Inc. Common Stock",231.04,92.5,0.0,174.81,156.74,147.13,231.04,100.56
MYE,"Myers Industries, Inc. Common Stock",32.14,92.5,0.0,23.44,21.28,20.09,32.14,14.1
TIGO,Millicom International Cellular S.A. - Common Stock,89.26,92.5,-4.8,84.66,69.37,63.42,93.77,32.54
RAPP,"Rapport Therapeutics, Inc. - Common Stock",40.06,92.5,0.0,37.12,31.75,30.36,40.06,11.31
TTI,"Tetra Technologies, Inc. Common Stock",10.87,92.4,-11.8,10.0,9.63,8.85,12.32,3.23
LGND,Ligand Pharmaceuticals Incorporated - Common Stock,303.59,92.4,0.0,237.63,211.33,204.37,303.59,112.56
LINC,Lincoln Educational Services Corporation - Common Stock,49.89,92.3,-4.1,45.97,35.2,31.72,52.02,17.8
KN,Knowles Corporation Common Stock,40.05,92.3,-6.4,35.89,28.41,27.06,42.8,17.52
ECG,"Everus Construction Group, Inc. Common Stock",155.33,92.2,-8.2,149.71,117.77,110.04,169.16,61.95
ORMP,Oramed Pharmaceuticals Inc. - Common Stock,4.67,92.2,-6.6,4.03,3.46,3.15,5.0,1.92
FTNT,"Fortinet, Inc. - Common Stock",151.35,92.1,0.0,120.96,94.29,91.63,151.35,74.39
PLXS,Plexus Corp. - Common Stock,287.44,92.1,-5.4,268.09,210.12,193.39,303.82,118.29
AXSM,"Axsome Therapeutics, Inc. - Common Stock",241.67,92.1,-5.3,224.08,185.68,171.03,255.17,100.39
DCO,Ducommun Incorporated Common Stock,177.66,92.0,0.0,149.39,125.35,117.45,177.66,82.63
SNX,TD SYNNEX Corporation Common Stock,266.27,92.0,-8.2,248.41,189.11,180.15,290.14,133.24
KPTI,Karyopharm Therapeutics Inc. - Common Stock,10.21,91.9,0.0,8.88,7.78,7.35,10.21,3.77
INDV,"Indivior Pharmaceuticals, Inc.  - Common Stock",41.83,91.9,0.0,37.06,34.62,32.43,41.83,13.69
FROG,JFrog Ltd. - Ordinary shares,87.58,91.9,-0.8,67.65,58.06,56.12,88.31,34.75
ASMH,ASML Holding NV ADRhedged,123.67,91.8,-6.1,108.73,93.43,86.58,131.75,45.98
CVV,CVD Equipment Corporation - Common Stock,6.52,91.8,-19.0,6.41,4.75,4.45,8.05,2.77
PACK,Ranpak Holdings Corp Class A Common Stock,7.31,91.8,-4.3,6.13,5.3,5.28,7.64,3.24
ATEN,"A10 Networks, Inc. Common Stock",34.98,91.8,0.0,29.6,22.83,21.54,34.98,16.47
POWI,"Power Integrations, Inc. - Common Stock",79.37,91.7,-9.1,75.44,54.07,50.61,87.35,30.52
ODC,Oil-Dri Corporation Of America Common Stock,101.42,91.7,0.0,81.02,66.28,64.64,101.42,45.94
CNC,Centene Corporation Common Stock,65.73,91.6,-0.7,56.41,45.46,42.91,66.21,25.21
CERS,Cerus Corporation - Common Stock,2.92,91.6,-3.9,2.51,2.23,2.05,3.04,1.16
CGON,"CG Oncology, Inc. - Common stock",71.96,91.5,-2.8,64.57,57.11,52.8,74.0,23.94
ELSE,"Electro-Sensors, Inc. - Common Stock",7.65,91.5,-0.8,7.46,5.4,5.24,7.71,4.05
MPTI,"M-tron Industries, Inc. Common Stock",93.53,91.5,-5.9,81.08,67.46,63.86,99.42,38.68
TSHA,"Taysha Gene Therapies, Inc. - Common Stock",6.34,91.4,-9.2,6.13,5.25,4.97,6.98,2.31
ECPG,Encore Capital Group Inc - Common Stock,90.62,91.4,0.0,82.21,67.69,61.79,90.62,35.97
FLXS,"Flexsteel Industries, Inc. - Common Stock",72.91,91.4,0.0,56.88,48.46,46.49,72.91,32.79
WTTR,"Select Water Solutions, Inc. Class A common stock",19.66,91.3,-1.9,17.9,14.27,13.33,20.04,7.78
MTZ,"MasTec, Inc. Common Stock",396.25,91.3,-9.4,386.96,304.21,279.02,437.51,168.23
ELMD,"Electromed, Inc. Common Stock",41.46,91.2,0.0,33.2,28.71,27.68,41.46,18.12
FSTR,L.B. Foster Company - Common Stock,44.77,91.2,0.0,38.54,32.1,30.8,44.77,21.8
MITK,"Mitek Systems, Inc. - Common Stock",19.29,91.1,0.0,15.64,13.04,12.16,19.29,8.65
LITB,"LightInTheBox Holding Co., Ltd. American Depositary Shares, each representing twelve ordinary shares",3.1,91.1,-18.8,2.8,2.52,2.5,3.82,1.13
LONA,"LeonaBio, Inc. - Common Stock",9.4,91.1,-19.5,9.16,7.36,6.54,11.68,2.95
SYNA,Synaptics Incorporated - Common Stock,121.0,91.0,-18.0,120.22,92.1,86.34,147.57,58.52
NPO,Enpro Inc. Common Stock,379.26,91.0,-2.2,316.48,267.04,255.87,387.65,190.27
ADAG,"Adagene Inc. - ADS, each representing 1.25 ordinary shares",4.19,91.0,-9.1,3.69,3.04,2.75,4.61,1.4
LFST,"LifeStance Health Group, Inc. - Common Stock",10.28,90.9,0.0,7.87,7.18,6.74,10.28,3.79
AEIS,"Advanced Energy Industries, Inc. - Common Stock",348.11,90.9,-10.5,347.21,298.54,270.6,388.93,132.08
PRM,"Perimeter Solutions, SA Common Stock",34.4,90.9,-8.9,32.26,28.2,26.85,37.78,13.92
BBCP,"Concrete Pumping Holdings, Inc.  - Common Stock",11.59,90.9,0.0,8.68,7.38,7.21,11.59,5.73
MIRM,"Mirum Pharmaceuticals, Inc. - common stock",123.77,90.8,0.0,100.44,92.07,87.14,123.77,48.39
MAMA,"Mama's Creations, Inc. - Common Stock",19.94,90.8,0.0,14.92,14.61,13.59,19.94,7.98
GNRC,Generac Holdlings Inc. Common Stock,278.62,90.8,-5.7,258.67,206.73,198.26,295.54,136.37
CBL,"CBL & Associates Properties, Inc. Common Stock",53.43,90.8,0.0,46.5,39.58,36.96,53.43,23.99
RELL,"Richardson Electronics, Ltd. - Common Stock",17.63,90.7,-5.2,16.13,12.96,12.3,18.6,9.29
CARE,"Carter Bankshares, Inc. - Common Stock",33.6,90.7,0.0,27.38,22.86,21.8,33.6,16.88
DGII,Digi International Inc. - Common Stock,70.55,90.7,0.0,63.37,52.08,48.31,70.55,31.14
ADEA,Adeia Inc.  - Common Stock,30.82,90.7,-8.2,30.0,22.6,20.9,33.57,11.64
TDAY,"USA TODAY Co., Inc. Common Stock",8.35,90.6,0.0,7.6,6.5,5.94,8.35,3.49
MRX,Marex Group plc - Ordinary Shares,64.23,90.6,-3.4,56.05,45.01,41.68,66.51,27.92
EZPW,"EZCORP, Inc. - Class A Non-Voting Common Stock",32.52,90.5,-6.1,32.15,26.14,24.12,34.65,13.13
GORO,Gold Resource Corporation Common Stock,1.4,90.5,-19.5,1.37,1.25,1.14,1.74,0.44
INSW,"International Seaways, Inc. Common Stock ",79.51,90.4,-11.6,78.9,63.81,58.74,89.98,32.34
ENTG,"Entegris, Inc. - Common Stock",161.43,90.4,-12.3,146.2,121.47,113.54,184.0,68.7
KYMR,"Kymera Therapeutics, Inc. - Common Stock",108.12,90.3,-7.2,84.71,81.06,75.08,116.46,37.68
PKE,Park Aerospace Corp. Common Stock,33.88,90.3,-6.9,33.65,27.48,25.44,36.41,13.7
ARW,"Arrow Electronics, Inc. Common Stock",215.15,90.3,-8.4,207.43,156.83,147.14,234.83,101.87
TGTX,"TG Therapeutics, Inc. - Common Stock",55.83,90.3,0.0,41.74,34.32,34.21,55.83,26.39
PBI,Pitney Bowes Inc. Common Stock,18.12,90.3,0.0,15.94,12.21,11.81,18.12,8.89
ESI,Element Solutions Inc. Common Stock,45.66,90.2,-7.0,42.28,34.15,32.1,49.09,22.42
TKR,Timken Company (The) Common Stock,141.22,90.2,-1.9,122.47,103.93,96.86,144.01,70.03
HTLD,"Heartland Express, Inc. - Common Stock",15.51,90.1,-4.2,13.99,11.34,10.53,16.2,7.04
NVT,nVent Electric plc Ordinary Shares ,162.92,90.1,-11.6,161.43,128.36,121.57,184.34,71.59
FNKO,"Funko, Inc. - Class A Common Stock",5.8,90.0,0.0,5.01,4.13,3.92,5.8,2.46
MG,Mistras Group Inc Common Stock,18.82,90.0,-2.4,18.11,15.36,14.08,19.28,7.83
NAT,Nordic American Tankers Limited Common Stock,5.85,90.0,-9.6,5.44,4.64,4.27,6.47,2.43
JBHT,"J.B. Hunt Transport Services, Inc. - Common Stock",280.3,90.0,-3.1,262.32,224.78,206.21,289.36,129.81
AMLX,"Amylyx Pharmaceuticals, Inc. - Common Stock",17.79,89.9,-3.1,15.19,14.44,14.23,18.36,6.3
IOVA,"Iovance Biotherapeutics, Inc. - Common Stock",4.25,89.9,-21.4,3.83,3.28,3.02,5.41,1.69
RSI,"Rush Street Interactive, Inc. Class A Common Stock",31.56,89.9,0.0,27.05,21.91,21.24,31.56,14.51
LFUS,"Littelfuse, Inc. - Common Stock",452.36,89.9,-7.5,445.18,353.57,328.86,489.1,223.4
CGNX,Cognex Corporation - Common Stock,66.56,89.8,-2.6,61.88,50.2,48.58,68.33,31.24
CLMT,"Calumet, Inc - Common Stock",35.08,89.8,-6.2,33.47,27.72,25.49,37.41,13.23
AIR,AAR Corp. Common Stock,143.14,89.7,0.0,116.98,106.59,100.38,143.14,68.58
MSBI,"Midland States Bancorp, Inc. - Common Stock",31.22,89.7,0.0,27.3,23.23,21.41,31.22,13.98
APYX,Apyx Medical Corporation - Common Stock,4.5,89.7,-7.4,3.97,3.84,3.6,4.86,1.75
CDNA,"CareDx, Inc. - Common Stock",28.82,89.7,0.0,22.35,19.93,18.68,28.82,11.57
BRKR,Bruker Corporation - Common Stock,60.91,89.6,-2.8,47.87,44.5,42.46,62.65,29.21
PBYI,Puma Biotechnology Inc - Common Stock,8.11,89.6,0.0,7.29,6.6,6.2,8.11,3.07
COCO,"The Vita Coco Company, Inc. - Common Stock",73.71,89.5,-12.3,71.06,59.39,54.9,84.02,32.3
AMRX,"Amneal Pharmaceuticals, Inc. - Class A Common Stock",17.23,89.5,-0.5,13.76,13.28,12.57,17.32,7.82
DY,"Dycom Industries, Inc. Common Stock",488.25,89.5,-8.8,446.69,393.64,366.26,535.2,239.37
MSGE,Madison Square Garden Entertainment Corp. Class A Common Stock,80.3,89.4,0.0,69.23,61.14,57.13,80.3,36.33
KFRC,"Kforce, Inc. Common Stock",49.51,89.4,-1.0,42.52,33.96,32.5,50.0,23.68
CYTK,"Cytokinetics, Incorporated - Common Stock",82.19,89.3,0.0,72.43,66.73,64.45,82.19,33.04
RAL,Ralliant Corporation Common Stock,72.17,89.3,-1.9,57.33,50.8,49.02,73.54,38.32
PLSE,"Pulse Biosciences, Inc - Common Stock",28.45,89.2,0.0,24.03,19.55,18.91,28.45,12.66
AMWL,American Well Corporation Class A Common Stock,9.19,89.2,-6.5,7.78,5.89,5.81,9.83,3.78
NVRI,Enviri Corporation Common Stock,22.05,89.2,0.0,19.82,18.91,17.29,22.05,8.27
NUE,Nucor Corporation Common Stock,239.78,89.2,-10.0,235.41,192.0,178.9,266.35,128.14
MGTX,MeiraGTx Holdings plc - Ordinary Shares,12.11,89.2,0.0,9.86,8.59,8.52,12.11,6.48
CMTV,Community Bancorp.  - Common stock,39.52,89.1,-5.5,39.04,32.56,29.97,41.81,18.87
AVBP,"ArriVent BioPharma, Inc. - Common Stock",34.0,89.1,0.0,29.99,25.27,23.73,34.0,16.95
PRSU,"Pursuit Attractions and Hospitality, Inc. Common Stock",54.76,89.0,0.0,44.53,38.7,37.93,54.76,28.29
BJRI,"BJ's Restaurants, Inc. - Common Stock",59.86,89.0,0.0,44.39,41.04,38.82,59.86,28.69
OUT,OUTFRONT Media Inc. Common Stock,33.24,89.0,-1.0,31.29,27.16,24.87,33.58,15.48
CTRN,"Citi Trends, Inc. - Common Stock",59.12,89.0,-7.0,48.22,45.96,43.27,63.59,29.09
VIK,Viking Holdings Ltd Ordinary Shares,103.26,89.0,0.0,87.7,77.36,73.13,103.26,52.39
SXI,Standex International Corporation Common Stock,340.5,88.9,0.0,279.6,257.62,248.88,340.5,153.29
OPLN,"OPENLANE, Inc. Common Stock",42.9,88.9,0.0,35.69,31.01,30.03,42.9,23.39
M,Macy's Inc Common Stock,25.96,88.8,0.0,21.15,20.6,19.94,25.96,10.71
MRCY,Mercury Systems Inc - Common Stock,109.38,88.8,-9.1,97.6,87.01,84.33,120.3,50.09
PRLB,"Proto Labs, Inc. Common stock",80.69,88.8,-1.2,71.94,61.52,58.81,81.68,38.74
AVT,"Avnet, Inc. - Common Stock",86.37,88.7,-7.1,84.37,65.81,61.81,92.93,43.64
STLD,"Steel Dynamics, Inc. - Common Stock",245.49,88.7,-13.2,243.76,199.95,186.33,282.76,120.2
SCHL,Scholastic Corporation - Common Stock,46.01,88.7,0.0,41.16,35.81,33.74,46.01,20.46
LNTH,"Lantheus Holdings, Inc. - Common Stock",109.8,88.6,0.0,95.2,78.29,72.18,109.8,50.11
BOF,BranchOut Food Inc. - Common Stock,4.58,88.6,-3.8,3.72,3.53,3.27,4.76,2.02
PGC,Peapack-Gladstone Financial Corporation - Common Stock,47.99,88.5,0.0,42.97,35.45,33.37,47.99,24.59
BFH,"Bread Financial Holdings, Inc. Common Stock",106.27,88.4,0.0,91.29,79.31,74.56,106.27,53.59
ILMN,"Illumina, Inc. - Common Stock",176.55,88.4,-0.6,149.0,136.8,128.54,177.65,91.0
ICCC,ImmuCell Corporation - Common Stock,9.79,88.4,-7.9,9.17,7.19,6.93,10.63,4.56
UFCS,"United Fire Group, Inc - Common Stock",52.55,88.4,0.0,45.11,39.54,37.58,52.55,25.74
ARKO,ARKO Corp. - Common Stock,7.71,88.3,-10.8,7.23,5.94,5.55,8.64,3.76
PLOW,"Douglas Dynamics, Inc. Common Stock",53.89,88.3,0.0,45.87,40.66,38.12,53.89,27.05
AAON,"AAON, Inc. - Common Stock",126.78,88.3,-14.4,122.52,99.63,98.74,148.15,71.77
TWLO,Twilio Inc. Class A Common Stock,191.57,88.2,-19.0,186.13,146.28,137.86,236.64,92.44
PTGX,"Protagonist Therapeutics, Inc. - Common Stock",121.88,88.2,-0.6,104.1,94.67,89.04,122.63,49.7
PSMT,"PriceSmart, Inc. - Common Stock",196.25,88.1,0.0,167.82,149.52,141.81,196.25,100.98
BKD,Brookdale Senior Living Inc. Common Stock,15.71,88.1,-6.3,13.45,13.18,12.07,16.77,6.69
AAMI,Acadian Asset Management Inc. Common Stock,72.2,88.1,-12.7,71.42,58.1,55.19,82.72,34.1
VIRT,"Virtu Financial, Inc. Class A Common Stock",60.71,88.1,-4.3,53.0,43.15,40.87,63.41,31.82
DVA,DaVita Inc. Common Stock,217.04,88.1,0.0,186.66,150.02,144.25,217.04,103.87
DHX,"DHI Group, Inc. Common Stock",3.7,88.0,-6.6,3.35,2.54,2.48,3.96,1.5
CHEF,"The Chefs' Warehouse, Inc. - Common Stock",95.92,87.9,0.0,79.73,68.66,66.52,95.92,54.6
HLIT,Harmonic Inc. - Common Stock,14.9,87.9,-12.9,13.27,11.0,10.8,17.11,8.35
DNLI,Denali Therapeutics Inc. - Common Stock,25.57,87.9,0.0,20.48,19.7,18.61,25.57,12.75
CMI,Cummins Inc. Common Stock,685.87,87.8,-5.7,670.48,588.35,547.83,727.59,319.09
HUHU,HUHUTECH International Group Inc. - Ordinary Shares,9.76,87.8,-16.6,9.62,8.83,8.31,11.7,4.6
HOFT,Hooker Furnishings Corporation - Common Stock,17.1,87.8,-0.9,13.34,12.71,11.89,17.25,8.4
MSGS,Madison Square Garden Sports Corp. Class A Common Stock (New),392.98,87.7,-0.2,357.52,307.64,285.77,393.68,192.65
VIR,"Vir Biotechnology, Inc. - Common Stock",10.03,87.7,-9.6,9.49,8.23,7.57,11.09,4.28
BEAM,Beam Therapeutics Inc. - Common Stock,34.81,87.7,-2.0,30.69,28.34,27.36,35.53,16.01
PSTL,"Postal Realty Trust, Inc. Class A Common Stock",24.88,87.7,0.0,22.68,19.2,18.12,24.88,13.16
JRSH,"Jerash Holdings (US), Inc. - Common Stock",4.56,87.6,-3.4,3.56,3.2,3.19,4.72,2.8
CSTE,Caesarstone Ltd. - Ordinary Shares,2.09,87.6,-16.4,1.67,1.62,1.55,2.5,0.62
VRA,"Vera Bradley, Inc. - Common Stock",3.95,87.6,-7.3,3.69,3.09,2.87,4.26,1.8
MCS,Marcus Corporation (The) Common Stock,24.89,87.5,0.0,19.66,17.21,16.55,24.89,12.87
USEA,United Maritime Corporation - Common Stock,2.67,87.5,-1.1,2.39,1.99,1.87,2.7,1.32
GEV,GE Vernova Inc. Common Stock,1045.17,87.5,-9.0,1030.41,845.57,783.71,1148.94,503.71
JAZZ,Jazz Pharmaceuticals plc - Ordinary Shares,230.02,87.5,-4.2,223.34,191.39,177.52,240.06,105.93
OSUR,"OraSure Technologies, Inc. - Common Stock",4.46,87.5,-0.2,3.59,3.03,3.01,4.47,2.11
PRG,"PROG Holdings, Inc. Common Stock",46.11,87.4,0.0,35.51,32.48,32.11,46.11,25.95
NHC,National HealthCare Corporation Common Stock,206.54,87.4,0.0,186.05,161.49,151.28,206.54,93.18
CXW,"CoreCivic, Inc. Common Stock",30.77,87.3,0.0,22.89,20.22,19.92,30.77,16.13
CSCO,"Cisco Systems, Inc. - Common Stock",113.77,87.3,-12.5,108.69,88.15,83.46,130.0,65.1
BWA,BorgWarner Inc. Common Stock,68.11,87.3,-11.6,65.07,55.05,52.12,77.03,33.04
MATX,"Matson, Inc. Common Stock",194.49,87.2,-3.7,184.2,158.32,143.75,201.94,87.4
CTNM,"Contineum Therapeutics, Inc. - Common stock",14.19,87.2,-11.3,13.02,12.91,12.53,16.0,3.73
KNSA,"Kiniksa Pharmaceuticals International, plc - Class A Ordinary Shares",59.2,87.1,-0.5,52.26,46.67,44.53,59.49,26.33
DAL,"Delta Air Lines, Inc. Common Stock",92.57,87.1,0.0,76.17,70.08,67.13,92.57,48.39
WERN,"Werner Enterprises, Inc. - Common Stock",42.77,87.0,-3.9,38.7,33.57,31.8,44.51,22.94
VAC,Marriott Vacations Worldwide Corporation Common Stock,101.3,87.0,0.0,81.25,66.69,65.85,101.3,43.9
OABI,"OmniAb, Inc. - Common Stock",2.52,86.9,-7.4,2.06,1.89,1.82,2.72,1.36
AAL,"American Airlines Group, Inc. - Common Stock",17.87,86.8,0.0,13.61,13.52,13.24,17.87,10.18
SION,"Sionna Therapeutics, Inc. - Common Stock",42.18,86.7,-8.2,39.87,39.6,37.64,45.95,14.83
CROX,"Crocs, Inc. - Common Stock",127.76,86.6,-0.0,111.59,95.16,91.51,127.77,73.39
DK,"Delek US Holdings, Inc. Common Stock",47.82,86.6,-2.5,44.4,38.63,37.58,49.04,19.43
ITRN,Ituran Location and Control Ltd. - Ordinary Shares,60.67,86.6,-7.9,60.26,49.68,45.97,65.85,30.77
VMI,"Valmont Industries, Inc. Common Stock",568.75,86.5,-2.5,516.96,456.31,440.99,583.55,324.8
ESE,ESCO Technologies Inc. Common Stock,339.88,86.4,-4.2,313.18,266.67,253.56,354.9,185.02
JBL,Jabil Inc. Common Stock,358.6,86.3,-7.0,355.54,282.38,264.7,385.63,192.39
LTH,"Life Time Group Holdings, Inc. Common Stock",41.01,86.3,0.0,32.17,28.93,28.3,41.01,24.59
BYFC,Broadway Financial Corporation - Class A Common Stock,10.38,86.2,-0.2,9.28,8.04,7.76,10.4,5.7
VTRS,Viatris Inc. - Common Stock,16.33,86.2,-5.4,15.8,13.94,12.92,17.26,8.41
DUOT,"Duos Technologies Group, Inc. - Common Stock",11.46,86.2,-21.7,10.58,9.52,9.28,14.64,6.0
XHR,"Xenia Hotels & Resorts, Inc. Common Stock",20.81,86.2,0.0,17.51,15.63,15.04,20.81,12.06
BLBD,Blue Bird Corporation - Common Stock,78.81,86.2,-0.4,68.76,58.83,57.82,79.1,42.75
LSTR,"Landstar System, Inc. - Common Stock",209.21,86.1,-7.2,195.16,164.87,154.73,225.37,118.1
WLFC,Willis Lease Finance Corporation - Common Stock,223.88,86.0,-6.1,195.11,176.0,165.29,238.45,114.62
GRDN,"Guardian Pharmacy Services, Inc. Class A Common Stock",42.31,86.0,-2.5,38.61,34.51,32.64,43.4,19.88
ZVRA,"Zevra Therapeutics, Inc.  - Common Stock",13.52,85.9,-1.0,11.28,9.73,9.7,13.66,7.23
FVR,"FrontView REIT, Inc. Common Stock",20.1,85.9,0.0,18.26,16.48,15.67,20.1,10.81
SLDB,Solid Biosciences Inc. - Common Stock,9.29,85.9,0.0,7.42,6.68,6.37,9.29,3.93
AROC,"Archrock, Inc. Common Stock",41.95,85.9,0.0,36.82,32.28,30.3,41.95,21.54
MAC,Macerich Company (The) Common Stock,25.83,85.8,0.0,22.61,19.88,19.17,25.83,15.47
LXFR,Luxfer Holdings PLC Ordinary Shares,18.57,85.8,-2.7,16.08,14.29,13.94,19.08,11.06
WWD,"Woodward, Inc. - Common Stock",431.62,85.8,-1.1,375.69,354.17,328.86,436.44,236.67
SNDR,"Schneider National, Inc. Common Stock",36.29,85.8,-6.1,33.36,28.99,27.27,38.66,20.04
ANNX,"Annexon, Inc. - common stock",5.48,85.8,-21.3,5.46,5.41,4.8,6.96,2.05
OII,"Oceaneering International, Inc. Common Stock",40.03,85.7,0.0,37.9,33.03,30.74,40.03,20.47
BDL,"Flanigan's Enterprises, Inc. Common Stock",44.0,85.6,-1.9,33.68,32.04,31.63,44.83,26.19
NVEC,NVE Corporation - Common Stock,96.18,85.6,-17.7,93.61,75.29,72.79,116.92,55.94
FGBI,"First Guaranty Bancshares, Inc. - Common Stock",10.72,85.6,0.0,9.61,8.21,8.06,10.72,4.4
CAKE,The Cheesecake Factory Incorporated - Common Stock,80.38,85.6,0.0,65.42,59.03,57.22,80.38,42.72
CVU,"CPI Aerostructures, Inc. Common Stock",5.04,85.5,-3.6,4.35,3.97,3.59,5.23,2.05
PHIN,PHINIA Inc. Common Stock,84.82,85.4,-0.4,77.31,69.64,65.8,85.16,43.7
CMP,Compass Minerals Intl Inc Common Stock,31.1,85.4,-7.2,28.98,24.51,22.95,33.51,16.54
CVS,CVS Health Corporation Common Stock,104.34,85.4,-0.3,91.18,81.33,80.07,104.66,57.3
TALK,"Talkspace, Inc. - Common Stock",5.22,85.3,-0.2,5.2,4.53,4.12,5.23,2.27
HZO,"MarineMax, Inc.  (FL) Common Stock",37.74,85.3,0.0,32.81,28.75,27.89,37.74,21.43
LIVN,LivaNova PLC - Ordinary Shares,83.43,85.3,0.0,71.56,66.35,63.14,83.43,41.13
NTCT,"NetScout Systems, Inc. - Common Stock",41.59,85.3,-4.2,38.43,32.05,30.67,43.43,20.77
GVA,Granite Construction Incorporated Common Stock,160.39,85.2,0.0,137.19,126.21,121.02,160.39,90.99
DRH,Diamondrock Hospitality Company - Common Stock,12.47,85.2,0.0,11.03,9.88,9.39,12.47,7.33
ADAM,"Adamas Trust, Inc. - Common Stock",9.51,85.1,0.0,8.53,7.67,7.34,9.51,5.58
GOLF,Acushnet Holdings Corp. Common Stock,118.08,85.1,0.0,94.47,92.31,88.67,118.08,72.0
TECX,"Tectonic Therapeutic, Inc. - Common Stock",31.99,85.1,-10.8,29.04,25.57,23.42,35.87,14.71
CHMG,Chemung Financial Corp  - Common Stock,75.58,85.0,0.0,68.39,59.85,57.62,75.58,47.34
CON,"Concentra Group Holdings Parent, Inc. Common Stock",30.18,85.0,0.0,25.25,22.7,22.08,30.18,18.56
ACA,"Arcosa, Inc. Common Stock ",144.5,85.0,-0.3,126.18,116.44,111.08,144.96,83.54
GCBC,"Greene County Bancorp, Inc. - Common Stock",32.83,85.0,0.0,25.88,23.8,23.44,32.83,21.23
ROKU,"Roku, Inc. - Class A Common Stock",135.4,84.9,-5.7,125.53,108.12,105.98,143.66,79.98
MRTN,"Marten Transport, Ltd. - Common Stock",17.47,84.9,-4.1,16.21,13.61,12.8,18.22,9.28
CTS,CTS Corporation Common Stock,65.0,84.9,-4.8,61.38,52.71,49.71,68.31,36.41
ECOR,"electroCore, Inc. - Common Stock",7.84,84.9,-24.3,7.61,6.51,6.16,10.35,4.31
CMPR,Cimpress plc - Ordinary Shares,92.01,84.8,-11.9,90.89,79.15,75.4,104.48,43.33
FTAI,FTAI Aviation Ltd. - Common Stock,260.08,84.7,-15.8,250.11,240.93,222.95,308.99,108.92
SENEA,Seneca Foods Corp. - Class A Common Stock,170.38,84.7,-2.8,145.28,133.84,128.29,175.37,99.46
BEN,"Franklin Resources, Inc. Common Stock",33.21,84.7,-2.1,30.85,26.61,25.56,33.93,20.59
PK,Park Hotels & Resorts Inc. Common Stock ,14.78,84.6,0.0,12.42,11.22,11.03,14.78,9.39
ST,Sensata Technologies Holding plc Ordinary Shares,46.85,84.6,-12.5,46.71,38.71,36.74,53.55,28.36
HST,"Host Hotels & Resorts, Inc. - Common Stock",25.06,84.6,-0.3,22.74,19.94,19.06,25.13,14.65
SPB,"Spectrum Brands Holdings, Inc. Common Stock",87.49,84.6,0.0,81.09,72.16,67.26,87.49,49.33
ESP,Espey Mfg. & Electronics Corp. Common Stock,67.12,84.5,-6.7,63.9,55.33,51.35,71.92,35.9
FSBC,Five Star Bancorp - Common Stock,48.44,84.5,0.0,42.34,39.08,37.55,48.44,27.57
IBKR,"Interactive Brokers Group, Inc. - Class A Common Stock",89.82,84.4,-7.2,85.27,74.61,72.83,96.82,53.17
LOCO,"El Pollo Loco Holdings, Inc. - Common Stock",16.82,84.3,0.0,14.29,12.47,11.82,16.82,9.06
BAP,Credicorp Ltd. Common Stock,384.1,84.3,-0.7,333.04,313.52,297.32,386.94,210.61
PDEX,"Pro-Dex, Inc. - Common Stock",61.47,84.2,-8.9,59.53,48.3,44.16,67.5,23.91
VLO,Valero Energy Corporation Common Stock,259.37,84.2,-0.8,246.02,213.85,201.59,261.45,129.53
AMAL,Amalgamated Financial Corp. - Common Stock,46.95,84.2,0.0,42.18,38.11,35.37,46.95,24.92
BOTJ,"Bank of the James Financial Group, Inc. - Common Stock",24.51,84.1,-1.9,23.39,20.68,19.45,24.99,13.31
STT,State Street Corporation Common Stock,168.11,84.0,-3.2,157.24,136.86,130.99,173.73,99.94
RLGT,"Radiant Logistics, Inc. Common Stock",9.32,84.0,0.0,8.54,7.45,7.11,9.32,5.83
DXPE,"DXP Enterprises, Inc. - Common Stock",163.36,83.9,-10.0,159.2,137.4,131.84,181.51,85.53
DGICB,"Donegal Group, Inc. - Class B Common Stock",24.0,83.9,0.0,19.2,17.36,16.88,24.0,13.61
NEOG,Neogen Corporation - Common Stock,9.58,83.9,-15.4,9.09,8.94,8.19,11.33,4.65
FDX,FedEx Corporation Common Stock,318.53,83.8,-5.6,316.83,281.45,259.39,337.48,171.6
YETI,"YETI Holdings, Inc. Common Stock",51.21,83.8,0.0,44.31,43.43,41.29,51.21,29.99
OOMA,"Ooma, Inc. Common Stock",18.45,83.7,-5.4,17.62,14.14,13.55,19.5,10.58
ARMK,Aramark Common Stock,56.06,83.7,0.0,50.28,42.89,41.7,56.06,35.73
PHVS,Pharvaris N.V. - Ordinary Shares,34.01,83.7,0.0,30.5,27.85,26.7,34.01,17.0
GKOS,Glaukos Corporation Common Stock,144.42,83.6,0.0,127.79,117.25,108.95,144.42,74.67
TILE,"Interface, Inc. - Common Stock",35.74,83.6,0.0,29.49,29.09,28.66,35.74,20.32
TD,Toronto Dominion Bank (The) Common Stock,119.62,83.5,-0.7,111.03,99.01,94.11,120.49,71.27
R,"Ryder System, Inc. Common Stock",260.93,83.4,-6.9,249.2,214.38,204.95,280.34,155.88
TGT,Target Corporation Common Stock,140.39,83.4,-0.6,127.56,113.47,107.02,141.2,82.06
BNED,"Barnes & Noble Education, Inc Common Stock",13.74,83.3,0.0,10.49,9.34,9.25,13.74,6.12
PUBM,"PubMatic, Inc. - Class A Common Stock",12.65,83.3,-7.5,10.64,8.98,8.85,13.67,6.28
POWW,Outdoor Holding Company - Common Stock,2.34,83.2,0.0,2.05,1.95,1.86,2.34,1.09
BMO,Bank Of Montreal Common Stock,175.1,83.2,0.0,159.21,142.99,138.68,175.1,107.09
FRST,Primis Financial Corp. - Common Stock,16.65,83.2,0.0,14.65,13.54,12.75,16.65,9.37
SWBI,"Smith & Wesson Brands, Inc. - Common Stock",15.23,83.2,-8.6,15.08,12.77,11.9,16.67,7.47
RMR,The RMR Group Inc. - Class A Common Stock,20.89,83.1,-2.2,19.38,16.68,16.12,21.37,13.34
FC,Franklin Covey Company Common Stock,24.84,83.1,0.0,22.89,18.91,18.65,24.84,11.54
TBRG,"TruBridge, Inc. - Common Stock",26.2,83.0,0.0,25.63,21.85,21.42,26.2,14.0
TRST,TrustCo Bank Corp NY - Common Stock,54.66,83.0,-1.1,49.94,45.34,43.23,55.25,31.79
WSC,WillScot Holdings Corporation - Class A Common Stock,28.86,83.0,-7.7,25.1,21.59,21.44,31.26,14.84
GCO,Genesco Inc. Common Stock,36.18,82.9,-15.3,35.95,31.02,30.91,42.72,19.69
CPA,"Copa Holdings, S.A. Class A Common Stock",157.19,82.9,0.0,130.76,126.2,124.19,157.19,101.68
OKUR,"OnKure Therapeutics, Inc. - Class A Common Stock",4.5,82.8,-14.6,4.27,3.53,3.37,5.27,2.0
RPRX,Royalty Pharma plc - Class A Ordinary Shares,56.23,82.8,0.0,52.56,45.87,43.49,56.23,34.37
WST,"West Pharmaceutical Services, Inc. Common Stock",350.85,82.8,0.0,312.81,275.32,273.59,350.85,209.39
BWMX,"Betterware de Mexico, S.A.P.I. de C.V. Ordinary Shares",17.86,82.7,-5.3,17.29,16.49,15.61,18.85,8.12
ABX,"Abacus Global Management, Inc. Class A Common Stock",9.91,82.7,-3.9,9.24,8.6,7.89,10.31,4.5
KOP,Koppers Holdings Inc. Common Stock,45.12,82.7,0.0,41.41,35.27,33.4,45.12,26.16
MCRI,"Monarch Casino & Resort, Inc. - Common Stock",133.87,82.6,0.0,119.39,103.52,101.84,133.87,84.87
CZWI,"Citizens Community Bancorp, Inc. - Common Stock",23.54,82.6,0.0,20.92,19.16,18.35,23.54,13.46
RMT,"Royce Micro-Cap Trust, Inc. Common Stock",14.12,82.5,-1.1,13.47,11.81,11.31,14.28,8.45
HXL,Hexcel Corporation Common Stock,96.52,82.5,-3.3,91.79,84.64,79.83,99.85,55.97
AIN,Albany International Corporation Common Stock,76.29,82.4,0.0,63.43,56.83,56.07,76.29,40.8
LLY,Eli Lilly and Company Common Stock,1208.12,82.4,0.0,1030.62,1019.72,973.37,1208.12,621.26
IRM,Iron Mountain Incorporated (Delaware)Common Stock REIT,132.44,82.4,-0.5,124.64,104.4,103.03,133.06,77.69
SOPH,SOPHiA GENETICS SA - Ordinary Shares,5.75,82.3,0.0,5.07,4.91,4.72,5.75,2.99
PGNY,"Progyny, Inc. - Common Stock",28.51,82.3,0.0,23.18,22.53,22.18,28.51,16.3
RBC,RBC Bearings Incorporated Common Stock,630.36,82.3,-2.9,597.36,539.71,504.2,648.89,369.71
LQDT,"Liquidity Services, Inc. - Common Stock",39.09,82.3,0.0,35.91,32.61,30.73,39.09,22.16
MFG,"Mizuho Financial Group, Inc. Sponosred ADR (Japan)",9.71,82.3,-5.7,9.05,8.42,7.96,10.3,5.42
FNRN,First Northern Community Bancorp - Common stock,17.72,82.2,-3.7,17.18,14.81,14.16,18.4,9.28
AMCX,AMC Global Media Inc. - Class A Common Stock,10.08,82.2,-4.4,9.1,8.5,8.33,10.54,5.63
RRX,Regal Rexnord Corporation Common Stock,219.75,82.1,-5.0,210.36,186.38,175.03,231.37,128.18
FLYW,Flywire Corporation - Voting Common Stock,17.54,82.1,-1.1,15.23,13.71,13.62,17.73,10.33
FRAF,Franklin Financial Services Corporation - Common Stock,63.21,82.0,0.0,58.06,53.4,51.47,63.21,33.51
MANU,Manchester United Ltd. Class A Ordinary Shares,22.92,82.0,-2.6,20.12,17.83,17.44,23.53,15.1
SN,"SharkNinja, Inc. Ordinary Shares",145.1,82.0,0.0,120.28,115.66,111.19,145.1,84.57
CPRX,"Catalyst Pharmaceuticals, Inc. - Common Stock",31.5,82.0,0.0,30.28,26.0,24.72,31.5,19.13
HFBL,"Home Federal Bancorp, Inc. of Louisiana - Common Stock",20.99,81.9,0.0,19.54,18.12,17.15,20.99,12.4
UVSP,Univest Financial Corporation - Common Stock,44.4,81.9,0.0,39.46,35.53,34.03,44.4,27.36
FTK,"Flotek Industries, Inc. Common Stock",22.16,81.8,-10.7,19.93,17.73,17.05,24.82,11.04
MNST,Monster Beverage Corporation - Common Stock,96.38,81.8,0.0,85.45,79.99,76.93,96.38,58.65
RCKY,"Rocky Brands, Inc. - Common Stock",41.28,81.8,-12.9,38.47,36.03,34.2,47.38,21.54
RBB,RBB Bancorp - Common Stock,27.05,81.7,0.0,24.16,22.16,21.21,27.05,16.45
MBIN,Merchants Bancorp - Common Stock,50.01,81.7,-0.1,47.55,41.97,39.39,50.04,28.87
ATLO,Ames National Corporation - Common Stock,30.62,81.6,-0.7,28.76,26.29,24.73,30.85,16.89
HQI,"HireQuest, Inc. - Common Stock",13.44,81.6,-5.2,12.17,10.82,10.37,14.18,7.52
FCAP,"First Capital, Inc. - Common Stock",66.11,81.6,-4.1,58.24,54.45,51.63,68.91,34.28
WKC,World Kinect Corporation Common Stock,33.72,81.5,0.0,28.5,25.82,25.65,33.72,22.4
TBLA,Taboola.com Ltd. - Ordinary Shares,4.76,81.4,-9.3,4.55,3.99,3.86,5.25,2.95
MSM,"MSC Industrial Direct Company, Inc. Common Stock",118.18,81.4,-1.0,108.28,94.56,92.43,119.37,79.47
TRGP,"Targa Resources, Inc. Common Stock",272.61,81.3,-1.5,258.89,224.33,208.17,276.75,143.89
QUAD,"Quad Graphics, Inc Class A Common Stock",8.44,81.3,0.0,7.51,6.69,6.45,8.44,4.81
PII,Polaris Inc. Common Stock,72.56,81.3,0.0,65.84,63.13,62.62,72.56,38.43
KFFB,Kentucky First Federal Bancorp - Common Stock,5.25,81.2,0.0,4.59,4.54,4.36,5.25,2.7
HCSG,"Healthcare Services Group, Inc. - Common Stock",24.31,81.1,0.0,21.42,20.09,19.29,24.31,12.69
PKBK,"Parke Bancorp, Inc. - Common Stock",32.89,81.1,0.0,30.95,27.89,26.21,32.89,19.6
APH,Amphenol Corporation Common Stock,163.72,81.1,-1.2,144.4,140.45,137.35,165.71,96.32
C,"Citigroup, Inc. Common Stock",141.76,81.1,-2.7,131.12,118.84,113.71,145.67,82.5
AROW,Arrow Financial Corporation - Common Stock,41.05,81.0,0.0,37.15,34.1,32.5,41.05,25.21
CRI,"Carter's, Inc. Common Stock",43.35,80.9,-0.9,38.03,35.67,34.23,43.75,22.91
BLX,"Bladex, Inc. Class E Common Stock",62.2,80.9,-0.9,56.1,49.79,48.38,62.78,38.29
AMG,"Affiliated Managers Group, Inc. Common Stock",341.98,80.9,-4.3,314.31,299.3,285.21,357.5,192.13
DYN,"Dyne Therapeutics, Inc. - Common Stock",20.94,80.8,-13.8,18.41,18.3,17.85,24.29,8.18
OBK,"Origin Bancorp, Inc. Common Stock",51.88,80.8,0.0,47.47,42.73,40.62,51.88,31.99
SHOO,"Steven Madden, Ltd. - Common Stock",43.22,80.7,-6.3,41.02,39.79,38.33,46.15,23.0
VCEL,Vericel Corporation - Common Stock,46.23,80.6,0.0,36.05,36.02,35.66,46.23,29.34
NGS,"Natural Gas Services Group, Inc. Common Stock",43.99,80.6,-0.3,40.97,37.2,34.76,44.13,22.96
RELY,"Remitly Global, Inc. - Common stock",22.37,80.5,-7.9,21.13,16.85,16.57,24.28,12.2
FISI,"Financial Institutions, Inc. - Common Stock",38.93,80.4,0.0,35.55,32.83,31.34,38.93,23.72
SHBI,"Shore Bancshares, Inc. - Common Stock",23.29,80.4,0.0,20.36,18.94,18.19,23.29,14.75
SLAB,"Silicon Laboratories, Inc. - Common Stock",218.42,80.4,-0.9,217.37,186.65,172.89,220.34,116.08
AAT,"American Assets Trust, Inc. Common Stock",25.18,80.4,0.0,22.15,19.61,19.43,25.18,17.2
ALRS,Alerus Financial Corporation - Common Stock,30.82,80.3,0.0,27.89,24.96,24.06,30.82,19.88
FSEA,"First Seacoast Bancorp, Inc. - Common Stock",16.93,80.3,-0.1,15.4,13.62,13.1,16.94,11.12
PBF,PBF Energy Inc. Class A Common Stock,43.11,80.3,-15.3,41.08,37.46,36.0,50.89,20.95
FNLC,"First Bancorp, Inc (ME) - Common Stock",35.51,80.2,0.0,29.61,27.94,27.16,35.51,23.45
VLY,Valley National Bancorp - Common Stock,14.72,80.2,-0.4,13.6,12.56,12.03,14.78,8.61
UVE,UNIVERSAL INSURANCE HOLDINGS INC Common Stock,41.13,80.2,0.0,38.19,34.33,32.93,41.13,22.38
MGM,MGM Resorts International Common Stock,49.19,80.1,-3.0,42.15,37.92,36.76,50.69,30.72
CCO,"Clear Channel Outdoor Holdings, Inc. Common Stock",2.43,80.1,0.0,2.4,2.27,2.11,2.43,1.02
KRNY,Kearny Financial - Common Stock,9.3,80.1,0.0,8.22,7.72,7.36,9.3,5.49
SRRK,Scholar Rock Holding Corporation - Common Stock,54.76,80.0,0.0,47.79,45.92,42.62,54.76,27.92
